Year,Year_num,Site_Code,Orchard_Block,Alleyway_treatment,Distance,Section,Total,Richness,Shannon,Honeybee,Buff_tailed_bumblebee,Bumblebee,Solitary_bee,Hoverfly,Blossoms,Fruit_set,Percentage_Fruit_set,Fresh_mass,Height,Width,Length,Firmness,Dry_Matter
Year_1,2017,Site_1,Orchard_Block_1,AMWS,9.5,Section 0-19,1.203703704,0.777777778,0.124648408,0.111111111,0.722222222,0.37037037,0,0,,9.5,,12.16736842,29.4,29.66842105,25.17894737,64.26315789,1.717368421
Year_1,2017,Site_1,Orchard_Block_1,AMWS,28.5,Section 19-38,0.685185185,0.5,0.023574599,0.037037037,0.481481481,0.148148148,0,0.018518519,,10,,12.727,28.4,30.15,26.085,62.3,1.909
Year_1,2017,Site_1,Orchard_Block_1,AMWS,47.5,Section 38-57,0.814814815,0.574074074,0.074918834,0.018518519,0.62962963,0.166666667,0,0,,9,,14.32777778,30.55555556,31.26666667,26.85,63.55555556,2.001111111
Year_1,2017,Site_1,Orchard_Block_1,AMWS,66.5,Section 57-76,0.703703704,0.425925926,0.033663287,0.037037037,0.555555556,0.111111111,0,0,,9.5,,12.37894737,29.57368421,29.72631579,25.64736842,72.15789474,1.609473684
Year_1,2017,Site_1,Orchard_Block_1,CS,9.5,Section 0-19,1.037037037,0.703703704,0.111770525,0.092592593,0.592592593,0.296296296,0,0.055555556,,10,,10.9455,28.225,28.735,24.94,58,1.2865
Year_1,2017,Site_1,Orchard_Block_1,CS,28.5,Section 19-38,0.888888889,0.611111111,0.087382013,0.092592593,0.555555556,0.240740741,0,0,,9,,11.40444444,26.68333333,29.15,24.87222222,60.88888889,1.556111111
Year_1,2017,Site_1,Orchard_Block_1,CS,47.5,Section 38-57,0.87037037,0.518518519,0.031433142,0.12962963,0.592592593,0.12962963,0,0.018518519,,10,,10.835,27.56,28.525,24.64,56.45,1.445
Year_1,2017,Site_1,Orchard_Block_1,CS,66.5,Section 57-76,1.148148148,0.611111111,0.086310696,0.185185185,0.888888889,0.074074074,0,0,,9.5,,13.53157895,30.13684211,30.55263158,26.43157895,69.63157895,1.860526316
Year_1,2017,Site_1,Orchard_Block_1,SWS,9.5,Section 0-19,1.111111111,0.722222222,0.120271278,0.037037037,0.796296296,0.259259259,0.018518519,0,,10,,12.776,29.875,29.74,25.58,70.25,1.6905
Year_1,2017,Site_1,Orchard_Block_1,SWS,28.5,Section 19-38,0.611111111,0.481481481,0.023574599,0,0.407407407,0.185185185,0,0.018518519,,9.5,,13.41157895,29.99473684,30.65263158,26.89473684,73.26315789,1.983684211
Year_1,2017,Site_1,Orchard_Block_1,SWS,47.5,Section 38-57,0.851851852,0.555555556,0.04903307,0.037037037,0.740740741,0.055555556,0,0.018518519,,9,,11.44166667,28.47222222,28.76666667,25.06666667,60.44444444,1.438333333
Year_1,2017,Site_1,Orchard_Block_1,SWS,66.5,Section 57-76,0.796296296,0.5,0.038135297,0.018518519,0.648148148,0.111111111,0,0.018518519,,10,,12.7515,29.825,30.25,26.085,61.05,1.6405
Year_1,2017,Site_1,Orchard_Block_2,AMWS,9.5,Section 0-19,1.259259259,0.740740741,0.145214036,0.277777778,0.759259259,0.203703704,0.018518519,0,,9.5,,10.67842105,27.51578947,28.02105263,24.73157895,67.89473684,1.316315789
Year_1,2017,Site_1,Orchard_Block_2,AMWS,28.5,Section 19-38,0.925925926,0.611111111,0.116814869,0.12962963,0.648148148,0.092592593,0.037037037,0.018518519,,9.5,,11.31736842,28.62105263,28.53157895,24.87894737,68.47368421,1.491052632
Year_1,2017,Site_1,Orchard_Block_2,AMWS,47.5,Section 38-57,1.148148148,0.759259259,0.111898483,0.166666667,0.851851852,0.12962963,0,0,,10,,12.0315,29.21,29.86,25.5,67.45,1.5535
Year_1,2017,Site_1,Orchard_Block_2,AMWS,66.5,Section 57-76,1.074074074,0.555555556,0.01875734,0.018518519,1,0.055555556,0,0,,9.5,,12.22105263,29.18947368,29.64736842,25.71578947,59.05263158,1.522105263
Year_1,2017,Site_1,Orchard_Block_2,CS,9.5,Section 0-19,1.166666667,0.62962963,0.096184375,0.444444444,0.611111111,0.074074074,0.018518519,0.018518519,,9.5,,11.21473684,28.13684211,28.68947368,25.35789474,63,1.636842105
Year_1,2017,Site_1,Orchard_Block_2,CS,28.5,Section 19-38,1.148148148,0.611111111,0.079665582,0.092592593,0.925925926,0.12962963,0,0,,10,,11.695,29.095,29.57,25.35,71.35,1.444
Year_1,2017,Site_1,Orchard_Block_2,CS,47.5,Section 38-57,0.685185185,0.462962963,0.021179785,0,0.592592593,0.074074074,0,0.018518519,,9,,12.75,29.52222222,30.31666667,25.67222222,63.16666667,1.638888889
Year_1,2017,Site_1,Orchard_Block_2,CS,66.5,Section 57-76,0.851851852,0.5,0.032218105,0,0.759259259,0.074074074,0,0.018518519,,9.5,,12.10789474,29.10526316,29.64736842,25.87368421,63.36842105,1.609473684
Year_1,2017,Site_1,Orchard_Block_2,SWS,9.5,Section 0-19,1.185185185,0.777777778,0.112701546,0.314814815,0.685185185,0.12962963,0.037037037,0.018518519,,10,,11.778,29.145,28.78,25.405,76.95,1.5435
Year_1,2017,Site_1,Orchard_Block_2,SWS,28.5,Section 19-38,1.12962963,0.648148148,0.080297575,0.166666667,0.777777778,0.166666667,0.018518519,0,,8.5,,9.93,25.72941176,28.02352941,24.6,61.76470588,1.304117647
Year_1,2017,Site_1,Orchard_Block_2,SWS,47.5,Section 38-57,0.62962963,0.481481481,0.032090147,0.074074074,0.425925926,0.111111111,0.018518519,0,,10,,12.2255,29.81,29.3,25.655,65.25,1.6095
Year_1,2017,Site_1,Orchard_Block_2,SWS,66.5,Section 57-76,0.740740741,0.481481481,0.043877447,0.092592593,0.611111111,0.037037037,0,0,,10,,12.1275,28.96,29.72,25.33,61.1,1.617
Year_1,2017,Site_2,Orchard_Block_3,AMWS,9.5,Section 0-19,0.72,0.46,0.068182058,0.4,0.22,0.02,0.06,0.02,,9.5,,11.32157895,29.16315789,29.65263158,29.52105263,73.68421053,1.52
Year_1,2017,Site_2,Orchard_Block_3,AMWS,28.5,Section 19-38,0.461538462,0.365384615,0,0.153846154,0.269230769,0.019230769,0.019230769,0,,8,,10.475625,28.025,28.56875,28.50625,67.375,1.6425
Year_1,2017,Site_2,Orchard_Block_3,AMWS,47.5,Section 38-57,0.358490566,0.245283019,0.013078249,0.018867925,0.283018868,0.018867925,0,0.037735849,,9,,12.695,29.59444444,30.06111111,30.1,61.27777778,2.169444444
Year_1,2017,Site_2,Orchard_Block_3,AMWS,66.5,Section 57-76,0.591836735,0.387755102,0,0,0.551020408,0.040816327,0,0,,9.5,,12.54684211,28.31578947,28.83684211,28.88421053,64.05263158,1.913684211
Year_1,2017,Site_2,Orchard_Block_3,CS,9.5,Section 0-19,0.392156863,0.274509804,0.027182242,0.058823529,0.215686275,0.058823529,0.039215686,0.019607843,,10,,11.464,29.41,29.85,29.88,71.2,1.872
Year_1,2017,Site_2,Orchard_Block_3,CS,28.5,Section 19-38,0.156862745,0.137254902,0.021541417,0.098039216,0.019607843,0,0.019607843,0.019607843,,8.5,,11.62411765,29.5,30.03529412,30.01764706,65.05882353,1.607058824
Year_1,2017,Site_2,Orchard_Block_3,CS,47.5,Section 38-57,0.176470588,0.176470588,0.013591121,0.078431373,0.078431373,0.019607843,0,0,,7,,11.45,29.06428571,29.51428571,29.69285714,70.71428571,1.778571429
Year_1,2017,Site_2,Orchard_Block_3,CS,66.5,Section 57-76,0.117647059,0.117647059,0,0.019607843,0.058823529,0.039215686,0,0,,9.5,,10.89368421,27.43684211,27.93684211,28.03684211,60.15789474,1.646315789
Year_1,2017,Site_2,Orchard_Block_3,SWS,9.5,Section 0-19,0.431372549,0.352941176,0.03564348,0.254901961,0.117647059,0,0.039215686,0.019607843,,8.5,,10.2,27.03529412,27.71764706,27.42352941,68.52941176,1.443529412
Year_1,2017,Site_2,Orchard_Block_3,SWS,28.5,Section 19-38,0.235294118,0.215686275,0.013591121,0.039215686,0.156862745,0,0.019607843,0.019607843,,9,,9.45,26.83333333,27.32777778,27.20555556,71.33333333,1.353888889
Year_1,2017,Site_2,Orchard_Block_3,SWS,47.5,Section 38-57,0.294117647,0.235294118,0,0.019607843,0.235294118,0.039215686,0,0,,9,,10.00166667,26.08888889,26.78888889,26.52222222,69.11111111,1.515555556
Year_1,2017,Site_2,Orchard_Block_3,SWS,66.5,Section 57-76,0.411764706,0.37254902,0.037952951,0.039215686,0.156862745,0.137254902,0.058823529,0.019607843,,9,,11.78611111,27.95,28.43888889,28.45555556,72.77777778,1.965555556
Year_1,2017,Site_2,Orchard_Block_4,AMWS,9.5,Section 0-19,0.745098039,0.37254902,0.057273466,0.37254902,0.294117647,0.039215686,0.039215686,0,,8.5,,12.87470588,28.04117647,28.55882353,28.54705882,67.88235294,1.998235294
Year_1,2017,Site_2,Orchard_Block_4,AMWS,28.5,Section 19-38,0.352941176,0.254901961,0.039268098,0.156862745,0.196078431,0,0,0,,8.5,,12.97823529,30.05882353,30.55882353,30.55294118,65.70588235,2.098235294
Year_1,2017,Site_2,Orchard_Block_4,AMWS,47.5,Section 38-57,0.235294118,0.176470588,0.03709797,0.137254902,0.078431373,0.019607843,0,0,,9.5,,10.86421053,29.19473684,29.66842105,29.73684211,63.63157895,1.258947368
Year_1,2017,Site_2,Orchard_Block_4,AMWS,66.5,Section 57-76,0.862745098,0.588235294,0.114574491,0.450980392,0.333333333,0.019607843,0.019607843,0.039215686,,9.5,,12.22736842,28.61578947,29.15789474,29.03684211,73.15789474,1.815263158
Year_1,2017,Site_2,Orchard_Block_4,CS,9.5,Section 0-19,1.176470588,0.62745098,0.118175224,0.666666667,0.411764706,0.039215686,0.039215686,0.019607843,,8,,12.676875,29.40625,30.1375,29.9625,75.375,2.235
Year_1,2017,Site_2,Orchard_Block_4,CS,28.5,Section 19-38,0.666666667,0.509803922,0.078127124,0.235294118,0.235294118,0.058823529,0.078431373,0.058823529,,9,,13.49777778,29.56666667,30.08333333,30.1,76.33333333,2.145
Year_1,2017,Site_2,Orchard_Block_4,CS,47.5,Section 38-57,0.333333333,0.254901961,0.026071791,0.098039216,0.176470588,0,0.058823529,0,,8.5,,11.74823529,28.56470588,29.18235294,28.97058824,66,1.699411765
Year_1,2017,Site_2,Orchard_Block_4,CS,66.5,Section 57-76,0.607843137,0.490196078,0.089241553,0.176470588,0.294117647,0.058823529,0.058823529,0.019607843,,10,,13.1305,28.925,29.5,29.445,71.45,1.5915
Year_1,2017,Site_2,Orchard_Block_4,SWS,9.5,Section 0-19,0.26,0.22,0.025460567,0.12,0.06,0.06,0,0.02,,8.5,,9.917058824,26.43529412,27.01764706,27.01764706,76.94117647,1.517058824
Year_1,2017,Site_2,Orchard_Block_4,SWS,28.5,Section 19-38,0.519230769,0.346153846,0.032235287,0.25,0.230769231,0,0.038461538,0,,9,,12.01722222,27.66111111,28.20555556,28.19444444,66.66666667,1.735
Year_1,2017,Site_2,Orchard_Block_4,SWS,47.5,Section 38-57,0.345454545,0.236363636,0.017277646,0.163636364,0.127272727,0.036363636,0,0.018181818,,9,,12.95722222,27.78888889,28.22777778,28.32777778,64.72222222,2.188333333
Year_1,2017,Site_2,Orchard_Block_4,SWS,66.5,Section 57-76,0.255319149,0.234042553,0.014747812,0.021276596,0.191489362,0,0.042553191,0,,8.5,,12.44588235,29.53529412,30.08235294,30.00588235,66.05882353,1.88
Year_1,2017,Site_3,Orchard_Block_5,AMWS,9.5,Section 0-19,1.156862745,0.490196078,0.008834534,1.117647059,0,0.039215686,0,0,,9.5,,13.02210526,29.7,30.30526316,25.86315789,57.10526316,1.693157895
Year_1,2017,Site_3,Orchard_Block_5,AMWS,28.5,Section 19-38,0.862745098,0.431372549,0.034022087,0.784313725,0,0.019607843,0.019607843,0.039215686,,9.5,,12.18263158,29.42105263,29.14210526,25.66315789,65.47368421,1.705263158
Year_1,2017,Site_3,Orchard_Block_5,AMWS,47.5,Section 38-57,0.882352941,0.431372549,0.013591121,0.784313725,0.019607843,0.019607843,0.039215686,0.019607843,,10,,12.8895,29.62,30.035,26.025,59.35,1.8125
Year_1,2017,Site_3,Orchard_Block_5,AMWS,66.5,Section 57-76,1.117647059,0.549019608,0.026071791,0.980392157,0.019607843,0.058823529,0.058823529,0,,9,,13.31222222,31.07777778,30.41111111,26.21111111,61.88888889,2.143888889
Year_1,2017,Site_3,Orchard_Block_5,CS,9.5,Section 0-19,1.568627451,0.529411765,0.04957864,1.490196078,0,0,0.058823529,0.019607843,,9.5,,12.33578947,29.58947368,29.48947368,25.88947368,64.47368421,1.544210526
Year_1,2017,Site_3,Orchard_Block_5,CS,28.5,Section 19-38,0.823529412,0.431372549,0.026071791,0.764705882,0,0.019607843,0.019607843,0.019607843,,9.5,,10.65684211,28.02631579,28.09473684,24.63157895,68.57894737,1.836315789
Year_1,2017,Site_3,Orchard_Block_5,CS,47.5,Section 38-57,0.882352941,0.37254902,0.023506849,0.843137255,0,0,0.039215686,0,,9,,12.11111111,29.18333333,29.04444444,25.73333333,57.44444444,1.326666667
Year_1,2017,Site_3,Orchard_Block_5,CS,66.5,Section 57-76,0.921568627,0.490196078,0.013591121,0.901960784,0,0,0,0.019607843,,10,,13.3375,30.085,30.565,26.54,65.5,2.0495
Year_1,2017,Site_3,Orchard_Block_5,SWS,9.5,Section 0-19,1.823529412,0.666666667,0.05814783,1.666666667,0.019607843,0.019607843,0.019607843,0.098039216,,10,,12.6385,29.79,29.9,25.725,53.8,1.614
Year_1,2017,Site_3,Orchard_Block_5,SWS,28.5,Section 19-38,1.274509804,0.549019608,0.013591121,1.196078431,0,0.039215686,0.019607843,0.019607843,,8,,12.325,29.225,29.675,25.4,64.875,1.783125
Year_1,2017,Site_3,Orchard_Block_5,SWS,47.5,Section 38-57,1.019607843,0.568627451,0.024617301,0.921568627,0,0.019607843,0.019607843,0.058823529,,10,,12.983,29.565,29.37,25.955,60.75,1.9215
Year_1,2017,Site_3,Orchard_Block_5,SWS,66.5,Section 57-76,0.862745098,0.450980392,0.013591121,0.823529412,0,0.039215686,0,0,,9.5,,12.47894737,29.43157895,29.52105263,26.14210526,55.57894737,1.821052632
Year_1,2017,Site_3,Orchard_Block_6,AMWS,9.5,Section 0-19,1.176470588,0.568627451,0.072230509,1.019607843,0.039215686,0.058823529,0.058823529,0,,9.5,,11.23578947,27.88421053,28.82105263,25.16842105,64.10526316,1.682105263
Year_1,2017,Site_3,Orchard_Block_6,AMWS,28.5,Section 19-38,1.078431373,0.607843137,0.061715271,0.862745098,0,0.058823529,0.156862745,0,,10,,11.5215,28.155,29.205,25.405,59.8,1.5475
Year_1,2017,Site_3,Orchard_Block_6,AMWS,47.5,Section 38-57,0.735294118,0.5,0.020386682,0.647058824,0,0.058823529,0,0.029411765,,10,,12.119,28.77,29.7,25.83,69.3,1.555
Year_1,2017,Site_3,Orchard_Block_6,CS,9.5,Section 0-19,0.843137255,0.549019608,0.048020234,0.705882353,0,0.039215686,0.098039216,0,,10,,10.8035,28.315,28.18,24.76,69.55,1.5645
Year_1,2017,Site_3,Orchard_Block_6,CS,28.5,Section 19-38,0.470588235,0.333333333,0.053254034,0.392156863,0,0.019607843,0.058823529,0,,9,,11.62722222,29.75,29.12777778,25.61111111,64.66666667,1.372222222
Year_1,2017,Site_3,Orchard_Block_6,CS,47.5,Section 38-57,0.470588235,0.382352941,0.040773364,0.382352941,0,0.029411765,0.029411765,0.029411765,,9,,10.96222222,27.78888889,28.28888889,25.28888889,69.66666667,1.733333333
Year_1,2017,Site_3,Orchard_Block_6,SWS,9.5,Section 0-19,1.039215686,0.529411765,0.062774948,0.803921569,0,0.098039216,0.039215686,0.098039216,,9.5,,10.99263158,28.18947368,28.51052632,24.91052632,70.05263158,1.499473684
Year_1,2017,Site_3,Orchard_Block_6,SWS,28.5,Section 19-38,0.764705882,0.450980392,0.052143582,0.666666667,0,0.058823529,0.039215686,0,,8.5,,11.76352941,29.05294118,29.14705882,25.98823529,62.05882353,1.567058824
Year_1,2017,Site_3,Orchard_Block_6,SWS,47.5,Section 38-57,0.676470588,0.411764706,0.055646956,0.588235294,0,0.029411765,0.058823529,0,,10,,11.264,28.56,28.05,25.19,59,1.657
Year_1,2017,Site_4,Orchard_Block_7,AMWS,9.5,Section 0-19,0.560606061,0.393939394,0.048547149,0.348484848,0.075757576,0.03030303,0,0.106060606,,10,,14.56,30.12,31.45,27.09,55.2,2.064
Year_1,2017,Site_4,Orchard_Block_7,AMWS,28.5,Section 19-38,0.393939394,0.287878788,0.030648614,0.106060606,0.121212121,0.045454545,0,0.121212121,,9,,13.25,29.82777778,30.72222222,27.07777778,63.66666667,1.508333333
Year_1,2017,Site_4,Orchard_Block_7,AMWS,47.5,Section 38-57,0.318181818,0.272727273,0.015753345,0.090909091,0.022727273,0.045454545,0,0.159090909,,9,,14.50888889,30.31111111,31.36666667,26.87777778,62.44444444,2.095555556
Year_1,2017,Site_4,Orchard_Block_7,CS,9.5,Section 0-19,0.515151515,0.393939394,0.061297228,0.333333333,0.106060606,0.015151515,0,0.060606061,,9.5,,13.45526316,28.78421053,30.65263158,26.27368421,64,1.933684211
Year_1,2017,Site_4,Orchard_Block_7,CS,28.5,Section 19-38,0.287878788,0.227272727,0.01050223,0.196969697,0.075757576,0,0,0.015151515,,8.5,,13.72647059,29.40588235,30.71176471,26.49411765,69.52941176,1.994117647
Year_1,2017,Site_4,Orchard_Block_7,CS,47.5,Section 38-57,0.181818182,0.166666667,0.01050223,0.045454545,0.090909091,0,0,0.045454545,,10,,13.579,29.195,30.27,26.31,69,2.316
Year_1,2017,Site_4,Orchard_Block_7,CS,66.5,Section 57-76,0.393939394,0.378787879,0.04200892,0.090909091,0.227272727,0.045454545,0,0.03030303,,9,,13.51388889,28.98888889,30.71666667,26.17222222,67.88888889,1.941666667
Year_1,2017,Site_4,Orchard_Block_7,SWS,9.5,Section 0-19,0.136363636,0.136363636,0,0.045454545,0.045454545,0.015151515,0,0.03030303,,9.5,,15.07842105,30.96315789,31.38421053,27.33684211,65.10526316,2.349473684
Year_1,2017,Site_4,Orchard_Block_7,SWS,28.5,Section 19-38,0.227272727,0.227272727,0.01050223,0.075757576,0.045454545,0.015151515,0,0.090909091,,10,,15.26,31.2,31.65,27.645,67.4,2.285
Year_1,2017,Site_4,Orchard_Block_7,SWS,47.5,Section 38-57,0.136363636,0.136363636,0,0.015151515,0.03030303,0.015151515,0,0.075757576,,10,,13.3435,29.805,30.35,25.935,65.45,1.7405
Year_1,2017,Site_4,Orchard_Block_7,SWS,66.5,Section 57-76,0.212121212,0.212121212,0.01050223,0.03030303,0.075757576,0.045454545,0,0.060606061,,8,,14.9725,31.13125,31.6,27.5125,69.3125,2.268125
Year_1,2017,Site_4,Orchard_Block_8,AMWS,9.5,Section 0-19,0.181818182,0.166666667,0,0.015151515,0.121212121,0.03030303,0,0.015151515,,9,,14.00611111,29.87777778,31.06666667,26.72222222,67.66666667,1.641111111
Year_1,2017,Site_4,Orchard_Block_8,AMWS,28.5,Section 19-38,0.151515152,0.151515152,0,0,0.090909091,0.03030303,0,0.03030303,,9,,12.02833333,28.1,28.78888889,24.90555556,69.72222222,1.546111111
Year_1,2017,Site_4,Orchard_Block_8,AMWS,47.5,Section 38-57,0.166666667,0.136363636,0.01050223,0,0.121212121,0.015151515,0,0.03030303,,9.5,,12.55947368,29.29473684,29.87368421,26.11578947,68.21052632,1.283157895
Year_1,2017,Site_4,Orchard_Block_8,AMWS,66.5,Section 57-76,0.121212121,0.121212121,0,0,0.075757576,0.015151515,0.015151515,0.015151515,,8.5,,12.90176471,29.21176471,29.9,26.16470588,66.52941176,1.400588235
Year_1,2017,Site_4,Orchard_Block_8,CS,9.5,Section 0-19,0.318181818,0.257575758,0.02100446,0,0.166666667,0.03030303,0,0.121212121,,10,,13.3605,29.965,30.42,26.835,62.95,1.542
Year_1,2017,Site_4,Orchard_Block_8,CS,28.5,Section 19-38,0.181818182,0.166666667,0.01050223,0,0.121212121,0,0,0.060606061,,10,,11.781,29.265,29.56,26.36,74.9,1.14
Year_1,2017,Site_4,Orchard_Block_8,CS,47.5,Section 38-57,0.136363636,0.136363636,0,0,0.045454545,0.015151515,0,0.075757576,,8,,13.480625,30.01875,30.83125,26.8375,72.6875,1.421875
Year_1,2017,Site_4,Orchard_Block_8,CS,66.5,Section 57-76,0.121212121,0.121212121,0.01050223,0,0.045454545,0,0,0.075757576,,10,,13.7735,29.935,30.685,26.56,77.1,1.78
Year_1,2017,Site_4,Orchard_Block_8,SWS,9.5,Section 0-19,0.303030303,0.287878788,0.048152331,0.015151515,0.196969697,0.03030303,0,0.060606061,,9.5,,14.84947368,30.91578947,31.80526316,27.57894737,62.78947368,1.787368421
Year_1,2017,Site_4,Orchard_Block_8,SWS,28.5,Section 19-38,0.166666667,0.136363636,0.01050223,0,0.060606061,0.060606061,0,0.045454545,,9,,13.37055556,30.26111111,30.62222222,26.97777778,67.38888889,1.74
Year_1,2017,Site_4,Orchard_Block_8,SWS,47.5,Section 38-57,0.090909091,0.090909091,0,0,0.075757576,0,0,0.015151515,,9.5,,13.93368421,30.01578947,30.57894737,26.71578947,70.36842105,1.867368421
Year_1,2017,Site_4,Orchard_Block_8,SWS,66.5,Section 57-76,0.136363636,0.136363636,0,0,0.075757576,0.015151515,0,0.045454545,,9.5,,12.48473684,28.9,29.40526316,25.52105263,68.47368421,1.726842105
Year_1,2017,Site_5,Orchard_Block_10,AMWS,9.5,Section 0-19,1.458333333,0.708333333,0.14470942,1.027777778,0.319444444,0.055555556,0.013888889,0.041666667,,9,,9.282222222,27.10555556,26.72777778,23.94444444,65,1.226666667
Year_1,2017,Site_5,Orchard_Block_10,AMWS,28.5,Section 19-38,1.083333333,0.625,0.074250494,0.791666667,0.222222222,0.013888889,0,0.055555556,,10,,8.4775,26.15,25.785,23.16,64.5,0.938
Year_1,2017,Site_5,Orchard_Block_10,AMWS,47.5,Section 38-57,1.083333333,0.638888889,0.109105277,0.638888889,0.333333333,0.055555556,0,0.055555556,,9.5,,8.715789474,26.61052632,26.35789474,23.35263158,63.05263158,1.005789474
Year_1,2017,Site_5,Orchard_Block_10,AMWS,66.5,Section 57-76,0.833333333,0.527777778,0.056914986,0.375,0.388888889,0.013888889,0,0.055555556,,8.5,,11.76705882,28.62941176,29.3,25.55882353,62.94117647,1.724705882
Year_1,2017,Site_5,Orchard_Block_10,CS,9.5,Section 0-19,1.342465753,0.835616438,0.15182856,0.726027397,0.465753425,0.04109589,0,0.109589041,,10,,9.0735,26.925,26.445,23.61,61.4,0.966
Year_1,2017,Site_5,Orchard_Block_10,CS,28.5,Section 19-38,1.070422535,0.647887324,0.095385116,0.605633803,0.295774648,0.014084507,0.014084507,0.14084507,,10,,9.9005,27.68,27.55,24.225,60.2,1.1055
Year_1,2017,Site_5,Orchard_Block_10,CS,47.5,Section 38-57,1.055555556,0.583333333,0.103208984,0.736111111,0.236111111,0.013888889,0,0.069444444,,9,,8.244444444,26.48333333,25.5,22.93888889,71.33333333,0.884444444
Year_1,2017,Site_5,Orchard_Block_10,CS,66.5,Section 57-76,1.013888889,0.625,0.100087629,0.597222222,0.361111111,0,0,0.055555556,,10,,10.239,27.955,27.595,24.68,59.25,1.2325
Year_1,2017,Site_5,Orchard_Block_10,SWS,9.5,Section 0-19,1.458333333,0.75,0.133640191,0.930555556,0.347222222,0.041666667,0.013888889,0.125,,10,,11.8245,29.52,29.47,25.015,60.1,1.488
Year_1,2017,Site_5,Orchard_Block_10,SWS,28.5,Section 19-38,1.263888889,0.722222222,0.135118794,0.763888889,0.430555556,0.013888889,0.013888889,0.041666667,,9,,9.076111111,27.53888889,26.59444444,23.64444444,69.94444444,0.944444444
Year_1,2017,Site_5,Orchard_Block_10,SWS,47.5,Section 38-57,1.729166667,0.833333333,0.192529884,1.125,0.5625,0.020833333,0,0.020833333,,9,,10.46555556,28.38888889,28,24.94444444,58.66666667,1.142222222
Year_1,2017,Site_5,Orchard_Block_9,AMWS,9.5,Section 0-19,1.305555556,0.555555556,0.066364527,1.083333333,0.166666667,0,0,0.055555556,,9,,11.63277778,29.05,29.19444444,25.10555556,65.33333333,1.821111111
Year_1,2017,Site_5,Orchard_Block_9,AMWS,28.5,Section 19-38,0.736111111,0.486111111,0.051375604,0.527777778,0.097222222,0.069444444,0,0.041666667,,9,,12.91421053,29.74736842,30.13157895,26.30526316,73,2.408421053
Year_1,2017,Site_5,Orchard_Block_9,AMWS,47.5,Section 38-57,0.597222222,0.375,0.061002648,0.458333333,0.111111111,0.013888889,0.013888889,0,,9.5,,12.64157895,29.61578947,29.96315789,26.14210526,66.89473684,2.144736842
Year_1,2017,Site_5,Orchard_Block_9,AMWS,66.5,Section 57-76,0.5,0.375,0.035138927,0.291666667,0.138888889,0.027777778,0,0.041666667,,10,,12.3915,29.32,29.215,25.84,70.85,2.3495
Year_1,2017,Site_5,Orchard_Block_9,CS,9.5,Section 0-19,1.194444444,0.652777778,0.127084862,0.819444444,0.236111111,0.069444444,0,0.069444444,,10,,11.5165,28.655,29,25.01,68.8,1.793
Year_1,2017,Site_5,Orchard_Block_9,CS,28.5,Section 19-38,0.722222222,0.5,0.053585722,0.458333333,0.166666667,0.055555556,0,0.041666667,,9,,10.98944444,27.70555556,28.43333333,24.91666667,69.5,1.963888889
Year_1,2017,Site_5,Orchard_Block_9,CS,47.5,Section 38-57,0.361111111,0.305555556,0.009627044,0.125,0.194444444,0.027777778,0,0.013888889,,8,,11.7025,28.8375,28.95,25.8125,73.1875,1.830625
Year_1,2017,Site_5,Orchard_Block_9,CS,66.5,Section 57-76,0.388888889,0.305555556,0.018467519,0.083333333,0.236111111,0,0,0.069444444,,10,,12.055,28.8,29.125,25.675,69.55,2.113
Year_1,2017,Site_5,Orchard_Block_9,SWS,9.5,Section 0-19,0.597222222,0.388888889,0.052555458,0.388888889,0.097222222,0.083333333,0,0.027777778,,8.5,,11.28647059,28.62352941,29.10588235,25.10588235,64.29411765,1.834117647
Year_1,2017,Site_5,Orchard_Block_9,SWS,28.5,Section 19-38,0.430555556,0.277777778,0.028094563,0.291666667,0.069444444,0.041666667,0,0.027777778,,10,,13.12,30.18947368,29.95263158,26.45263158,69.36842105,2.293157895
Year_1,2017,Site_5,Orchard_Block_9,SWS,47.5,Section 38-57,0.305555556,0.222222222,0.009627044,0.180555556,0.097222222,0.027777778,0,0,,9,,13.57833333,29.88333333,30.4,26.91111111,72.77777778,2.625
Year_1,2017,Site_5,Orchard_Block_9,SWS,66.5,Section 57-76,0.333333333,0.222222222,0.009627044,0.111111111,0.208333333,0.013888889,0,0,,10,,13.0395,29.895,30.085,26.315,71.25,2.5155
Year_2,2018,Site_1,Orchard_Block_1,AMWS,9.5,Section 0-19,1.428571429,1,0.194506298,0.476190476,0.619047619,0.142857143,0.095238095,0.095238095,59.5,9.5,18.2,10.71833333,26.68333333,27.98333333,,59.58333333,1.563333333
Year_2,2018,Site_1,Orchard_Block_1,AMWS,28.5,Section 19-38,0.571428571,0.476190476,0.063317207,0.142857143,0.285714286,0.142857143,0,0,86.5,18,20.65,9.968333333,24.8,27.51666667,,50.58333333,1.715
Year_2,2018,Site_1,Orchard_Block_1,AMWS,47.5,Section 38-57,0.666666667,0.476190476,0.049510513,0,0.285714286,0.333333333,0,0.047619048,77.5,22,28.55,11.81,26.88333333,27.96666667,,55.25,1.888333333
Year_2,2018,Site_1,Orchard_Block_1,AMWS,66.5,Section 57-76,1.142857143,0.904761905,0.140441108,0.238095238,0.571428571,0.333333333,0,0,57.5,20.5,32.6,9.416666667,25.85,26.21666667,,57.33333333,1.386666667
Year_2,2018,Site_1,Orchard_Block_1,CS,9.5,Section 0-19,1.380952381,1.047619048,0.259904082,0.380952381,0.476190476,0.333333333,0.095238095,0.095238095,59.5,8,13.4,7.993333333,24.28333333,24.66666667,,62.5,1.128333333
Year_2,2018,Site_1,Orchard_Block_1,CS,28.5,Section 19-38,1.238095238,0.904761905,0.181025667,0.285714286,0.619047619,0.285714286,0,0.047619048,61,21.5,36.65,10.185,24.41666667,27.65,,56.83333333,1.633333333
Year_2,2018,Site_1,Orchard_Block_1,CS,47.5,Section 38-57,0.761904762,0.619047619,0.033007009,0.333333333,0.333333333,0.095238095,0,0,73,6,8.9,9.561666667,23.8,27.28333333,,63.75,1.785
Year_2,2018,Site_1,Orchard_Block_1,CS,66.5,Section 57-76,0.952380952,0.666666667,0.060620397,0.333333333,0.380952381,0.19047619,0,0.047619048,88.5,19,20.35,10.47333333,26.08333333,27.43333333,,61.16666667,1.425
Year_2,2018,Site_1,Orchard_Block_1,SWS,9.5,Section 0-19,1.428571429,0.952380952,0.272748534,0.571428571,0.428571429,0.285714286,0.047619048,0.095238095,90,13.5,15.45,10.44333333,26.51666667,27.56666667,,60.58333333,1.621666667
Year_2,2018,Site_1,Orchard_Block_1,SWS,28.5,Section 19-38,1.333333333,0.952380952,0.175416951,0.333333333,0.666666667,0.238095238,0.047619048,0.047619048,73.5,8,10.3,10.842,27.06,27.86,,63.2,1.582
Year_2,2018,Site_1,Orchard_Block_1,SWS,47.5,Section 38-57,0.476190476,0.428571429,0,0.047619048,0.380952381,0.047619048,0,0,76.5,15,19.6,11.27166667,26.96666667,28.15,,57.91666667,1.548333333
Year_2,2018,Site_1,Orchard_Block_1,SWS,66.5,Section 57-76,0.857142857,0.666666667,0.033007009,0.095238095,0.571428571,0.19047619,0,0,58,7,11.8,8.778333333,25.13333333,25.78333333,,56.41666667,1.14
Year_2,2018,Site_1,Orchard_Block_2,AMWS,9.5,Section 0-19,0.714285714,0.571428571,0.099021026,0.142857143,0.476190476,0.095238095,0,0,84,12,15.5,10.14,25.35,27.78333333,,61.16666667,1.401666667
Year_2,2018,Site_1,Orchard_Block_2,AMWS,28.5,Section 19-38,0.714285714,0.571428571,0.066014017,0.142857143,0.380952381,0.095238095,0.047619048,0.047619048,91.5,12,13.05,11.01333333,26.61666667,28.36666667,,55.16666667,1.668333333
Year_2,2018,Site_1,Orchard_Block_2,AMWS,47.5,Section 38-57,0.571428571,0.476190476,0.033007009,0.095238095,0.380952381,0.095238095,0,0,73.5,2.5,3.1,9.345,25.7,26.475,,60.125,1.2375
Year_2,2018,Site_1,Orchard_Block_2,AMWS,66.5,Section 57-76,0.476190476,0.333333333,0.059784873,0.047619048,0.333333333,0.047619048,0,0.047619048,61,10,16.2,11.07833333,26.75,28.28333333,,59.66666667,1.601666667
Year_2,2018,Site_1,Orchard_Block_2,CS,9.5,Section 0-19,0.80952381,0.476190476,0.066014017,0.285714286,0.428571429,0.047619048,0,0.047619048,68.5,12.5,15.55,9.781666667,25.15,27.53333333,,59.08333333,1.701666667
Year_2,2018,Site_1,Orchard_Block_2,CS,28.5,Section 19-38,0.476190476,0.380952381,0.033007009,0.095238095,0.333333333,0,0,0.047619048,59.5,11.5,18.25,11.615,27.36666667,28.41666667,,61.91666667,1.8
Year_2,2018,Site_1,Orchard_Block_2,CS,47.5,Section 38-57,0.380952381,0.333333333,0.033007009,0.047619048,0.19047619,0.047619048,0.095238095,0,85,19.5,22.3,11.51333333,26.93333333,28.86666667,,62.33333333,1.895
Year_2,2018,Site_1,Orchard_Block_2,CS,66.5,Section 57-76,0.285714286,0.238095238,0,0,0.19047619,0.095238095,0,0,50.5,3,5.15,10.35666667,26.13333333,27.6,,60.33333333,1.53
Year_2,2018,Site_1,Orchard_Block_2,SWS,9.5,Section 0-19,1,0.619047619,0.119446436,0.333333333,0.428571429,0.238095238,0,0,76,8.5,13.65,11.25833333,25.76666667,28.8,,58.16666667,1.691666667
Year_2,2018,Site_1,Orchard_Block_2,SWS,28.5,Section 19-38,0.619047619,0.285714286,0,0.142857143,0.428571429,0,0.047619048,0,75,8,10.75,10.065,24.23333333,27.66666667,,55.58333333,1.751666667
Year_2,2018,Site_1,Orchard_Block_2,SWS,47.5,Section 38-57,0.476190476,0.285714286,0,0.095238095,0.238095238,0.142857143,0,0,61.5,9,14.6,9.621666667,25.16666667,27,,59,1.446666667
Year_2,2018,Site_1,Orchard_Block_2,SWS,66.5,Section 57-76,0.428571429,0.428571429,0.033007009,0.095238095,0.285714286,0.047619048,0,0,88.5,5,5.2,9.798,25.06,27.3,,56.6,1.542
Year_2,2018,Site_2,Orchard_Block_3,AMWS,9.5,Section 0-19,1.631578947,0.631578947,0.0580665,1.157894737,0.263157895,0.052631579,0.157894737,0,73,6,8.05,10.18,25.51666667,27.58333333,,75.66666667,1.958333333
Year_2,2018,Site_2,Orchard_Block_3,AMWS,28.5,Section 19-38,1.055555556,0.444444444,0.055600269,0.888888889,0.111111111,0,0.055555556,0,74.5,0,0,10.06,25.8,27.2,,73.7,1.82
Year_2,2018,Site_2,Orchard_Block_3,AMWS,47.5,Section 38-57,0.277777778,0.277777778,0,0.111111111,0.166666667,0,0,0,48.5,12,26.05,9.986666667,25.6,27.56666667,,72.75,1.401666667
Year_2,2018,Site_2,Orchard_Block_3,AMWS,66.5,Section 57-76,0.5,0.388888889,0.112378252,0.222222222,0.222222222,0,0,0.055555556,57.5,3,6.7,12.772,27.24,29.7,,65.6,2.234
Year_2,2018,Site_2,Orchard_Block_3,CS,9.5,Section 0-19,0.555555556,0.388888889,0.069749018,0.333333333,0.111111111,0,0.055555556,0.055555556,49.5,6.5,13.25,8.838333333,25.25,25.83333333,,69.75,1.44
Year_2,2018,Site_2,Orchard_Block_3,CS,28.5,Section 19-38,0.777777778,0.444444444,0.073870075,0.222222222,0.166666667,0.055555556,0.277777778,0.055555556,41.5,3.5,8.15,9.35,26.06,26.08,,70.7,1.698
Year_2,2018,Site_2,Orchard_Block_3,CS,47.5,Section 38-57,0.444444444,0.333333333,0.031240841,0.388888889,0,0,0,0.055555556,60.5,9,15,10.09333333,25.88333333,27.21666667,,66.41666667,1.698333333
Year_2,2018,Site_2,Orchard_Block_3,CS,66.5,Section 57-76,0.444444444,0.333333333,0.073870075,0.277777778,0.055555556,0,0.111111111,0,61,3,4.9,9.812,26.1,27,,67.3,1.82
Year_2,2018,Site_2,Orchard_Block_3,SWS,9.5,Section 0-19,1.411764706,0.647058824,0.097976391,1.058823529,0.176470588,0.058823529,0.117647059,0,50.5,8,15.15,9.846666667,25.13333333,27.36666667,,64.5,1.42
Year_2,2018,Site_2,Orchard_Block_3,SWS,28.5,Section 19-38,0.611111111,0.5,0.077016353,0.388888889,0.111111111,0,0.111111111,0,51,7,13.2,10.48333333,25.61666667,27.98333333,,75.75,1.891666667
Year_2,2018,Site_2,Orchard_Block_3,SWS,47.5,Section 38-57,0.666666667,0.444444444,0.069749018,0.444444444,0.222222222,0,0,0,53.5,2,4.6,10.9025,26.25,28.45,,74.75,1.825
Year_2,2018,Site_2,Orchard_Block_3,SWS,66.5,Section 57-76,0.444444444,0.388888889,0.038508177,0.055555556,0.222222222,0.055555556,0.055555556,0.055555556,59,2.5,4.3,11.835,27.275,29.15,,73.875,2.06
Year_2,2018,Site_2,Orchard_Block_4,AMWS,9.5,Section 0-19,1.222222222,0.777777778,0.21651439,0.666666667,0.166666667,0,0.333333333,0.055555556,54.5,14.5,26.9,10.42,25.63333333,27.6,,60.91666667,2.016666667
Year_2,2018,Site_2,Orchard_Block_4,AMWS,28.5,Section 19-38,0.555555556,0.444444444,0.038508177,0.333333333,0.111111111,0,0.111111111,0,57.5,5,7.25,7.5875,23.65,24.4,,66.75,1.4
Year_2,2018,Site_2,Orchard_Block_4,AMWS,47.5,Section 38-57,0.777777778,0.722222222,0.073870075,0.277777778,0.333333333,0.055555556,0.111111111,0,82.5,13.5,16.85,10.745,26.21666667,26.26666667,,59.33333333,1.701666667
Year_2,2018,Site_2,Orchard_Block_4,AMWS,66.5,Section 57-76,0.555555556,0.444444444,0.073870075,0.111111111,0.166666667,0.166666667,0.111111111,0,49,14,26.75,9.888333333,24.9,27.31666667,,60.91666667,1.883333333
Year_2,2018,Site_2,Orchard_Block_4,CS,9.5,Section 0-19,3.777777778,1.388888889,0.347389517,2.444444444,0.222222222,0.166666667,0.833333333,0.111111111,71,29,37.65,9.055,24.25,26.33333333,,63.91666667,1.87
Year_2,2018,Site_2,Orchard_Block_4,CS,28.5,Section 19-38,2.277777778,1.333333333,0.311062975,1.055555556,0.111111111,0.111111111,0.944444444,0.055555556,84,19.5,23.25,10.915,25.81666667,27.83333333,,65.41666667,2.295
Year_2,2018,Site_2,Orchard_Block_4,CS,47.5,Section 38-57,1.944444444,1.166666667,0.282225853,1,0.222222222,0.111111111,0.555555556,0.055555556,60.5,10,16.5,8.475,24.71666667,25.55,,62.16666667,1.686666667
Year_2,2018,Site_2,Orchard_Block_4,CS,66.5,Section 57-76,0.888888889,0.611111111,0.154032707,0.222222222,0.333333333,0.111111111,0.222222222,0,38.5,8,21.05,9.293333333,24.6,26.13333333,,57.66666667,1.671666667
Year_2,2018,Site_2,Orchard_Block_4,SWS,9.5,Section 0-19,0.722222222,0.555555556,0.099542193,0.555555556,0.111111111,0,0.055555556,0,51,18,35.25,7.883333333,23.4,24.81666667,,62.83333333,1.513333333
Year_2,2018,Site_2,Orchard_Block_4,SWS,28.5,Section 19-38,1.166666667,0.555555556,0.105110916,0.777777778,0.166666667,0,0.111111111,0.111111111,69.5,8,11.15,9.113333333,24.98333333,26.18333333,,61,1.686666667
Year_2,2018,Site_2,Orchard_Block_4,SWS,47.5,Section 38-57,1.111111111,0.833333333,0.223057892,0.444444444,0.222222222,0.111111111,0.277777778,0.055555556,71.5,2,2.65,10.405,25.625,27.275,,67.5,2.0425
Year_2,2018,Site_2,Orchard_Block_4,SWS,66.5,Section 57-76,0.277777778,0.277777778,0,0.055555556,0.222222222,0,0,0,53,3.5,7.65,10,25.26666667,26.88333333,,60.83333333,1.986666667
Year_2,2018,Site_3,Orchard_Block_5,AMWS,9.5,Section 0-19,0.761904762,0.666666667,0.118328888,0.380952381,0,0.285714286,0.095238095,0,40,8,18.4,11.162,26.8,28.24,,65.1,1.66
Year_2,2018,Site_3,Orchard_Block_5,AMWS,28.5,Section 19-38,0.19047619,0.142857143,0,0.19047619,0,0,0,0,58,1.5,2.55,12.27,26.93333333,28.93333333,,62.16666667,1.936666667
Year_2,2018,Site_3,Orchard_Block_5,AMWS,47.5,Section 38-57,0.19047619,0.19047619,0,0.142857143,0,0.047619048,0,0,76.5,7.5,9.8,12.70666667,27.98333333,29.33333333,,69.08333333,1.991666667
Year_2,2018,Site_3,Orchard_Block_5,AMWS,66.5,Section 57-76,0.571428571,0.428571429,0.033007009,0.333333333,0,0.142857143,0.047619048,0.047619048,66.5,3,4.6,12.77666667,27.2,29.28333333,,62.5,1.953333333
Year_2,2018,Site_3,Orchard_Block_5,CS,9.5,Section 0-19,0.428571429,0.380952381,0.030310198,0.333333333,0,0.095238095,0,0,49.5,4,9.4,11.61666667,27.26666667,28.48333333,,67.08333333,1.848333333
Year_2,2018,Site_3,Orchard_Block_5,CS,28.5,Section 19-38,0.047619048,0.047619048,0,0.047619048,0,0,0,0,41.5,5.5,13,10.44166667,26.08333333,27.01666667,,61.08333333,1.806666667
Year_2,2018,Site_3,Orchard_Block_5,CS,47.5,Section 38-57,0.285714286,0.285714286,0,0.095238095,0,0.142857143,0,0.047619048,35,6.5,17.5,10.78333333,26.61666667,27.35,,58.5,1.726666667
Year_2,2018,Site_3,Orchard_Block_5,CS,66.5,Section 57-76,0.428571429,0.285714286,0.033007009,0.285714286,0,0.047619048,0.095238095,0,50,3,5.3,12.2225,26.85,29.05,,62.625,2.24
Year_2,2018,Site_3,Orchard_Block_5,SWS,9.5,Section 0-19,0.571428571,0.476190476,0.033007009,0.523809524,0,0.047619048,0,0,62,8,12.25,12.69,27.4,29.33333333,,59.91666667,2.101666667
Year_2,2018,Site_3,Orchard_Block_5,SWS,28.5,Section 19-38,0.285714286,0.285714286,0.033007009,0.142857143,0,0.095238095,0.047619048,0,52,4,7.45,13.694,28.26,30.02,,60.5,2.108
Year_2,2018,Site_3,Orchard_Block_5,SWS,47.5,Section 38-57,0.142857143,0.142857143,0,0.095238095,0,0.047619048,0,0,46,4.5,7.75,12.69666667,28,29.4,,56.33333333,2.076666667
Year_2,2018,Site_3,Orchard_Block_5,SWS,66.5,Section 57-76,0.238095238,0.238095238,0,0.142857143,0,0.095238095,0,0,40.5,6.5,16.05,12.56,27.15,29.06666667,,61.33333333,2.093333333
Year_2,2018,Site_3,Orchard_Block_6,AMWS,9.5,Section 0-19,1.095238095,0.523809524,0.052314871,0.80952381,0.095238095,0.095238095,0.047619048,0.047619048,74.5,15.5,20.4,9.245,25.28333333,25.95,,64.33333333,1.333333333
Year_2,2018,Site_3,Orchard_Block_6,AMWS,28.5,Section 19-38,1.047619048,0.666666667,0.126634414,0.666666667,0.19047619,0.047619048,0.095238095,0.047619048,65.5,11.5,18.4,9.848333333,25.28333333,26.93333333,,64.75,1.501666667
Year_2,2018,Site_3,Orchard_Block_6,AMWS,47.5,Section 38-57,0.928571429,0.714285714,0.094975811,0.428571429,0.428571429,0.071428571,0,0,81,12,14.8,9.316666667,25.03333333,26.46666667,,62,1.256666667
Year_2,2018,Site_3,Orchard_Block_6,CS,9.5,Section 0-19,0.904761905,0.666666667,0.116248311,0.523809524,0.095238095,0.047619048,0.047619048,0.19047619,39,9,23,9.16,24.5,26.41666667,,69.66666667,1.33
Year_2,2018,Site_3,Orchard_Block_6,CS,28.5,Section 19-38,0.666666667,0.428571429,0.030310198,0.571428571,0,0,0.047619048,0.047619048,73.5,9,9.1,8.526666667,24.5,25.16666667,,68.83333333,1.283333333
Year_2,2018,Site_3,Orchard_Block_6,CS,47.5,Section 38-57,0.928571429,0.642857143,0.089677309,0.428571429,0.142857143,0.071428571,0.142857143,0.142857143,57,13,22.8,8.236666667,24.9,25.1,,65,1.086666667
Year_2,2018,Site_3,Orchard_Block_6,SWS,9.5,Section 0-19,0.714285714,0.571428571,0.129331224,0.476190476,0.095238095,0.095238095,0.047619048,0,48,4.5,7.8,11.265,26.35,28.7,,67.125,1.7825
Year_2,2018,Site_3,Orchard_Block_6,SWS,28.5,Section 19-38,0.619047619,0.428571429,0.033007009,0.428571429,0.047619048,0,0.095238095,0.047619048,49.5,11,19.15,7.663333333,24.18333333,24.65,,61.33333333,1.096666667
Year_2,2018,Site_3,Orchard_Block_6,SWS,47.5,Section 38-57,0.642857143,0.5,0.099021026,0.285714286,0.142857143,0,0.142857143,0.071428571,71,10,14.1,8.193333333,24.8,25.53333333,,71.16666667,1.12
Year_2,2018,Site_4,Orchard_Block_7,AMWS,9.5,Section 0-19,1,0.722222222,0.179018154,0.444444444,0.333333333,0.111111111,0,0.111111111,60,10.5,17.9,9.79,25.55,26.95,,62.5,2.03
Year_2,2018,Site_4,Orchard_Block_7,AMWS,28.5,Section 19-38,0.444444444,0.388888889,0.099542193,0.055555556,0.166666667,0.055555556,0,0.166666667,43,11.5,26.95,9.1,24.86666667,26.51666667,,57.76666667,1.88
Year_2,2018,Site_4,Orchard_Block_7,AMWS,47.5,Section 38-57,0.166666667,0.083333333,0,0,0,0,0,0.166666667,60,8,13.3,9.99,25.4,27.16666667,,59.33333333,1.706666667
Year_2,2018,Site_4,Orchard_Block_7,CS,9.5,Section 0-19,0.944444444,0.833333333,0.176558546,0.111111111,0.277777778,0.388888889,0,0.166666667,56,11,19.75,7.811666667,23.66666667,25.3,,67,1.366666667
Year_2,2018,Site_4,Orchard_Block_7,CS,28.5,Section 19-38,0.611111111,0.611111111,0.099542193,0.055555556,0.277777778,0.166666667,0,0.111111111,71.5,17.5,23.15,8.668333333,24.16666667,26.01666667,,72,1.693333333
Year_2,2018,Site_4,Orchard_Block_7,CS,47.5,Section 38-57,0.166666667,0.166666667,0,0.111111111,0,0,0,0.055555556,77.5,14.5,18.05,8.691666667,24.28333333,25.86666667,,71.58333333,1.575
Year_2,2018,Site_4,Orchard_Block_7,CS,66.5,Section 57-76,0.444444444,0.444444444,0.11552453,0,0.166666667,0.166666667,0,0.111111111,59,1,1.7,8.98,24.55,26.15,,71,1.7
Year_2,2018,Site_4,Orchard_Block_7,SWS,9.5,Section 0-19,0.555555556,0.5,0.073870075,0.111111111,0.166666667,0.055555556,0,0.222222222,85.5,11,10.65,9.332,25.38,26.36,,64.5,2.082
Year_2,2018,Site_4,Orchard_Block_7,SWS,28.5,Section 19-38,0.277777778,0.222222222,0,0.055555556,0.055555556,0,0,0.166666667,53,9,17.15,7.925,23.46666667,25.1,,68.33333333,1.83
Year_2,2018,Site_4,Orchard_Block_7,SWS,47.5,Section 38-57,0.555555556,0.5,0.038508177,0.166666667,0.166666667,0,0,0.222222222,55.5,4,7.8,9.411666667,25.16666667,26.85,,65.83333333,1.813333333
Year_2,2018,Site_4,Orchard_Block_7,SWS,66.5,Section 57-76,0.166666667,0.111111111,0,0.055555556,0,0,0,0.111111111,47,5.5,11.5,9.096666667,24.98333333,26.23333333,,57.73333333,1.595
Year_2,2018,Site_4,Orchard_Block_8,AMWS,9.5,Section 0-19,0.222222222,0.222222222,0,0,0.111111111,0,0,0.111111111,85,10,11.75,10.11333333,25.96666667,27.15,,60.16666667,1.72
Year_2,2018,Site_4,Orchard_Block_8,AMWS,28.5,Section 19-38,0.444444444,0.388888889,0.038508177,0,0.111111111,0.055555556,0,0.277777778,80.5,12,14.85,9.048333333,25.1,26.58333333,,60.16666667,1.851666667
Year_2,2018,Site_4,Orchard_Block_8,AMWS,47.5,Section 38-57,0.222222222,0.222222222,0.038508177,0.055555556,0.166666667,0,0,0,49.5,7.5,14.8,8.751666667,24.6,26.5,,58.5,1.471666667
Year_2,2018,Site_4,Orchard_Block_8,AMWS,66.5,Section 57-76,0.222222222,0.166666667,0,0,0.111111111,0.055555556,0,0.055555556,68.5,9.5,13.4,9.215,25.15,26.43333333,,59.41666667,1.556666667
Year_2,2018,Site_4,Orchard_Block_8,CS,9.5,Section 0-19,0.555555556,0.555555556,0.077016353,0.055555556,0.111111111,0.111111111,0,0.277777778,55,6.5,11.95,6.668333333,23.35,23.75,,68.66666667,0.866666667
Year_2,2018,Site_4,Orchard_Block_8,CS,28.5,Section 19-38,0.166666667,0.166666667,0,0,0.055555556,0.055555556,0,0.055555556,79,15,18.95,10.69833333,25.61666667,27.96666667,,58.41666667,1.7
Year_2,2018,Site_4,Orchard_Block_8,CS,47.5,Section 38-57,0.277777778,0.222222222,0,0,0.222222222,0,0,0.055555556,67.5,8.5,12.95,10.72666667,26.03333333,26.23333333,,59.91666667,1.716666667
Year_2,2018,Site_4,Orchard_Block_8,CS,66.5,Section 57-76,0.5,0.277777778,0.035361898,0,0.111111111,0,0,0.388888889,63,9,14,8.76,24.78333333,25.93333333,,64.5,1.371666667
Year_2,2018,Site_4,Orchard_Block_8,SWS,9.5,Section 0-19,0.5,0.444444444,0.038508177,0,0.111111111,0.055555556,0.055555556,0.277777778,82.5,9,10.7,7.178333333,22.78333333,24.26666667,,63.16666667,1.476666667
Year_2,2018,Site_4,Orchard_Block_8,SWS,28.5,Section 19-38,0.333333333,0.277777778,0,0,0.055555556,0,0,0.277777778,51.5,6.5,12.95,7.115,23.43333333,24.25,,63.16666667,1.193333333
Year_2,2018,Site_4,Orchard_Block_8,SWS,47.5,Section 38-57,0.555555556,0.444444444,0,0,0.388888889,0,0,0.166666667,70.5,8.5,11.15,7.931666667,23.7,25.28333333,,60.5,1.463333333
Year_2,2018,Site_4,Orchard_Block_8,SWS,66.5,Section 57-76,0.055555556,0.055555556,0,0,0,0,0,0.055555556,73.5,8.5,12.1,8.331666667,24.4,25.83333333,,59.75,1.525
Year_2,2018,Site_5,Orchard_Block_10,AMWS,9.5,Section 0-19,0.833333333,0.666666667,0.125214311,0.444444444,0.055555556,0.111111111,0.055555556,0.166666667,53,16,30.5,6.786666667,22.9,23.75,,67.66666667,1.22
Year_2,2018,Site_5,Orchard_Block_10,AMWS,28.5,Section 19-38,0.333333333,0.222222222,0,0.277777778,0.055555556,0,0,0,66,12,18.25,8.306666667,24.31666667,25.21666667,,66.91666667,1.673333333
Year_2,2018,Site_5,Orchard_Block_10,AMWS,47.5,Section 38-57,0.333333333,0.277777778,0,0.111111111,0,0,0,0.222222222,39,1.5,3.85,9.356666667,24.76666667,26.66666667,,65.5,2.293333333
Year_2,2018,Site_5,Orchard_Block_10,AMWS,66.5,Section 57-76,0.333333333,0.333333333,0.038508177,0.166666667,0.055555556,0,0,0.111111111,73.5,3.5,4.75,8.812,24.82,25.92,,73.3,2.252
Year_2,2018,Site_5,Orchard_Block_10,CS,9.5,Section 0-19,1.166666667,0.444444444,0.066308311,1,0.055555556,0.055555556,0,0.055555556,49.5,14,29.35,9.953333333,25.6,27.1,,65.75,2.018333333
Year_2,2018,Site_5,Orchard_Block_10,CS,28.5,Section 19-38,0.666666667,0.333333333,0.031240841,0.555555556,0,0,0,0.111111111,79,14.5,18.3,8.125,24.03333333,25.28333333,,61.75,1.361666667
Year_2,2018,Site_5,Orchard_Block_10,CS,47.5,Section 38-57,0.833333333,0.444444444,0.064478041,0.611111111,0.166666667,0,0,0.055555556,61.5,16,25.8,9.568333333,25.25,26.95,,62.58333333,1.895
Year_2,2018,Site_5,Orchard_Block_10,CS,66.5,Section 57-76,0.944444444,0.5,0.094780196,0.611111111,0.166666667,0,0,0.166666667,61.5,11,17.75,5.836666667,22.43333333,21.96666667,,62.33333333,0.756666667
Year_2,2018,Site_5,Orchard_Block_10,SWS,9.5,Section 0-19,0.944444444,0.666666667,0.109231973,0.555555556,0.166666667,0.111111111,0,0.111111111,86.5,27.5,31.5,7.098333333,23,24.23333333,,67.5,1.091666667
Year_2,2018,Site_5,Orchard_Block_10,SWS,28.5,Section 19-38,0.388888889,0.277777778,0,0.222222222,0.111111111,0.055555556,0,0,58,14,25.1,8.77,24.53333333,26,,64.33333333,1.738333333
Year_2,2018,Site_5,Orchard_Block_10,SWS,47.5,Section 38-57,0.583333333,0.25,0,0.5,0.083333333,0,0,0,76,13,17.1,8.55,24.9,25.66666667,,73.5,1.783333333
Year_2,2018,Site_5,Orchard_Block_9,AMWS,9.5,Section 0-19,0.888888889,0.333333333,0.063162033,0.722222222,0,0,0,0.166666667,94.5,12.5,13.3,9.005,25.33333333,26.46666667,,64.08333333,1.686666667
Year_2,2018,Site_5,Orchard_Block_9,AMWS,28.5,Section 19-38,1.111111111,0.777777778,0.196411901,0.555555556,0.277777778,0.055555556,0.055555556,0.166666667,86,9,10.5,8.658333333,24.98333333,26.13333333,,60.41666667,1.608333333
Year_2,2018,Site_5,Orchard_Block_9,AMWS,47.5,Section 38-57,1.166666667,0.555555556,0.105614494,0.722222222,0.055555556,0.055555556,0,0.333333333,52,7,13.3,9.703333333,25.4,26.81666667,,62.75,2.156666667
Year_2,2018,Site_5,Orchard_Block_9,AMWS,66.5,Section 57-76,0.944444444,0.388888889,0.053094438,0.666666667,0.055555556,0.055555556,0,0.166666667,62,7.5,10.35,8.708,25.06,25.74,,53.2,1.76
Year_2,2018,Site_5,Orchard_Block_9,CS,9.5,Section 0-19,0.5,0.277777778,0.038508177,0.388888889,0.055555556,0.055555556,0,0,94.5,6,5.9,9.2075,25.375,26.175,,52.875,1.7425
Year_2,2018,Site_5,Orchard_Block_9,CS,28.5,Section 19-38,0.888888889,0.555555556,0.122541826,0.5,0.055555556,0.055555556,0,0.277777778,93.5,4.5,5.45,10.18166667,26,27.28333333,,64.25,1.98
Year_2,2018,Site_5,Orchard_Block_9,CS,47.5,Section 38-57,0.611111111,0.388888889,0.063162033,0.444444444,0,0,0,0.166666667,51.5,2,2.85,8.233333333,23.83333333,25,,70.83333333,2.283333333
Year_2,2018,Site_5,Orchard_Block_9,CS,66.5,Section 57-76,0.277777778,0.222222222,0,0.222222222,0.055555556,0,0,0,100,9,9.15,10.09166667,25.9,27.1,,62.16666667,2.158333333
Year_2,2018,Site_5,Orchard_Block_9,SWS,9.5,Section 0-19,0.777777778,0.5,0.059040976,0.555555556,0,0.055555556,0,0.166666667,68.5,11,16.7,10.92,26.53333333,27.7,,61.33333333,2.088333333
Year_2,2018,Site_5,Orchard_Block_9,SWS,28.5,Section 19-38,0.777777778,0.333333333,0.068630378,0.5,0.055555556,0.055555556,0,0.166666667,58.5,7.5,11.05,9.638,25.8,26.62,,61.6,2.068
Year_2,2018,Site_5,Orchard_Block_9,SWS,47.5,Section 38-57,0.777777778,0.333333333,0.059040976,0.666666667,0,0.055555556,0,0.055555556,83.5,10,12.25,10.565,25.95,27.31666667,,67.75,2.066666667
Year_2,2018,Site_5,Orchard_Block_9,SWS,66.5,Section 57-76,0.5,0.277777778,0.084033649,0.333333333,0,0.055555556,0,0.111111111,42.5,2.5,6.05,9.814,25.36,26.86,,68.2,2.406
Year_3,2019,Site_1,Orchard_Block_1,AMWS,9.5,Section 0-19,0.619047619,0.523809524,0,0.19047619,0.428571429,0,0,0,52,18,34.6,12.63666667,29.13333333,29.5,25.96666667,65.16666667,1.85
Year_3,2019,Site_1,Orchard_Block_1,AMWS,28.5,Section 19-38,1.142857143,0.80952381,0.159641423,0.142857143,0.761904762,0.238095238,0,0,98,31,31.6,11.26,26.2,28.9,24.5,54.66666667,1.773333333
Year_3,2019,Site_1,Orchard_Block_1,AMWS,47.5,Section 38-57,1.095238095,0.904761905,0.129331224,0.095238095,0.619047619,0.285714286,0.095238095,0,66,24,36.4,15.00333333,30.56666667,30.73333333,27.13333333,65.83333333,2.55
Year_3,2019,Site_1,Orchard_Block_1,AMWS,66.5,Section 57-76,1.047619048,0.80952381,0.033007009,0.142857143,0.904761905,0,0,0,26,6,23.1,12.87333333,29.5,30.36666667,25.86666667,65.83333333,1.516666667
Year_3,2019,Site_1,Orchard_Block_1,CS,9.5,Section 0-19,1.428571429,1.047619048,0.191920455,0.333333333,0.904761905,0.095238095,0.095238095,0,58,3,5.2,10.98333333,28.13333333,28.8,25,60.16666667,1.216666667
Year_3,2019,Site_1,Orchard_Block_1,CS,28.5,Section 19-38,0.857142857,0.619047619,0.066014017,0.19047619,0.666666667,0,0,0,30,7,23.3,10.34666667,26.83333333,28.1,23.83333333,53.83333333,0.95
Year_3,2019,Site_1,Orchard_Block_1,CS,47.5,Section 38-57,1.333333333,0.761904762,0.142439598,0.428571429,0.857142857,0,0.047619048,0,50,4,8,11.98333333,26.4,29.66666667,25.5,61,2.026666667
Year_3,2019,Site_1,Orchard_Block_1,CS,66.5,Section 57-76,1.095238095,0.714285714,0.129331224,0.666666667,0.380952381,0,0,0.047619048,66,12,18.2,14.70333333,31.3,31.1,26.83333333,66.5,2.26
Year_3,2019,Site_1,Orchard_Block_1,SWS,9.5,Section 0-19,1.476190476,1.047619048,0.189116097,0.285714286,1,0.095238095,0.047619048,0.047619048,81,7,8.6,13.40666667,29.6,30.66666667,27.03333333,76.33333333,1.876666667
Year_3,2019,Site_1,Orchard_Block_1,SWS,28.5,Section 19-38,1.047619048,0.80952381,0.090095071,0.047619048,0.714285714,0.285714286,0,0,137,6,4.4,14.49666667,30.36666667,31.7,27.3,77.33333333,1.986666667
Year_3,2019,Site_1,Orchard_Block_1,SWS,47.5,Section 38-57,0.666666667,0.523809524,0.033007009,0.047619048,0.523809524,0.047619048,0.047619048,0,96,9,9.4,11.63,28.03333333,29.16666667,25.66666667,77.33333333,1.266666667
Year_3,2019,Site_1,Orchard_Block_1,SWS,66.5,Section 57-76,1.238095238,0.761904762,0.059784873,0,1.095238095,0.047619048,0,0.095238095,48,7,14.6,13.36333333,30.03333333,30.76666667,25.8,65.5,1.696666667
Year_3,2019,Site_1,Orchard_Block_2,AMWS,9.5,Section 0-19,2.095238095,1.142857143,0.196548827,0.285714286,1.619047619,0.095238095,0.095238095,0,76,5,6.6,13.11,28.8,31.03333333,26.36666667,67,1.403333333
Year_3,2019,Site_1,Orchard_Block_2,AMWS,28.5,Section 19-38,1.523809524,0.952380952,0.118328888,0.095238095,1.238095238,0.142857143,0.047619048,0,92,37,40.2,11.80666667,28.7,28.23333333,25.8,69,1.443333333
Year_3,2019,Site_1,Orchard_Block_2,AMWS,47.5,Section 38-57,1.523809524,0.952380952,0.158805899,0.047619048,1.19047619,0.142857143,0.142857143,0,39,1,2.6,8.55,25.4,26.1,23.9,84,0.79
Year_3,2019,Site_1,Orchard_Block_2,AMWS,66.5,Section 57-76,1.666666667,1.095238095,0.161379399,0.238095238,1.285714286,0.095238095,0.047619048,0,56,5,8.9,11.69,27.66666667,30,25.7,75.5,1.123333333
Year_3,2019,Site_1,Orchard_Block_2,CS,9.5,Section 0-19,2.142857143,1.047619048,0.178949285,1.142857143,0.904761905,0.047619048,0.047619048,0,93,7,7.5,9.42,25.13333333,28.1,22.7,67.83333333,0.986666667
Year_3,2019,Site_1,Orchard_Block_2,CS,28.5,Section 19-38,1.904761905,1.19047619,0.226024278,0.857142857,0.952380952,0.047619048,0.047619048,0,68,11,16.2,11.61666667,28.6,29.26666667,25.73333333,75.33333333,1.19
Year_3,2019,Site_1,Orchard_Block_2,CS,47.5,Section 38-57,1.619047619,1.095238095,0.157847065,0.619047619,0.952380952,0,0.047619048,0,106,3,2.8,13.31,29.36666667,30.3,26.26666667,84,1.983333333
Year_3,2019,Site_1,Orchard_Block_2,CS,66.5,Section 57-76,1.047619048,0.714285714,0.066014017,0.095238095,0.761904762,0.095238095,0.047619048,0.047619048,99,35,35.4,10.14666667,27.73333333,26.73333333,23.6,73.5,1.293333333
Year_3,2019,Site_1,Orchard_Block_2,SWS,9.5,Section 0-19,1.666666667,1.142857143,0.145942276,0.380952381,1.142857143,0.142857143,0,0,104,25,24,9.37,24.5,24.06666667,23.13333333,66.33333333,1.073333333
Year_3,2019,Site_1,Orchard_Block_2,SWS,28.5,Section 19-38,1.333333333,0.904761905,0.066014017,0.095238095,1.047619048,0.142857143,0.047619048,0,59,8,13.6,11.05666667,25.93333333,29.03333333,24.26666667,60.33333333,1.31
Year_3,2019,Site_1,Orchard_Block_2,SWS,47.5,Section 38-57,1,0.761904762,0.033007009,0.095238095,0.80952381,0.095238095,0,0,75,4,5.3,12.96,29.23333333,29.7,25.23333333,55.5,1.66
Year_3,2019,Site_1,Orchard_Block_2,SWS,66.5,Section 57-76,1.333333333,0.952380952,0.150715468,0.047619048,1.047619048,0.19047619,0,0.047619048,65,11,16.9,10.78,27.5,28.56666667,25.1,71.66666667,1.083333333
Year_3,2019,Site_2,Orchard_Block_3,AMWS,9.5,Section 0-19,4.095238095,1.238095238,0.245442985,3.571428571,0.285714286,0.047619048,0.19047619,0,52,14,26.9,8.106666667,24.76666667,25.6,22.9,75.33333333,1.073333333
Year_3,2019,Site_2,Orchard_Block_3,AMWS,28.5,Section 19-38,3.095238095,0.952380952,0.053555728,2.857142857,0.19047619,0,0,0.047619048,66,17,25.8,12.27666667,27.36666667,29.63333333,24.9,68.66666667,1.976666667
Year_3,2019,Site_2,Orchard_Block_3,AMWS,47.5,Section 38-57,3.476190476,0.952380952,0.057088063,3.19047619,0.19047619,0,0.047619048,0.047619048,71,8,11.3,13.35333333,28.56666667,30.1,26.2,68,2.106666667
Year_3,2019,Site_2,Orchard_Block_3,AMWS,66.5,Section 57-76,3.333333333,0.857142857,0.042258006,3.095238095,0.095238095,0,0.142857143,0,29,7,24.1,10.7,26.83333333,28.86666667,25.06666667,65.16666667,1.373333333
Year_3,2019,Site_2,Orchard_Block_3,CS,9.5,Section 0-19,1.619047619,0.80952381,0.11552453,1.238095238,0.142857143,0.047619048,0.19047619,0,103,19,18.4,10.49,27.66666667,27.63333333,23.83333333,65.83333333,1.63
Year_3,2019,Site_2,Orchard_Block_3,CS,28.5,Section 19-38,1,0.571428571,0.033007009,0.714285714,0.047619048,0.142857143,0.095238095,0,64,4,6.3,9.1,26.66666667,26.46666667,23.16666667,78.33333333,1.203333333
Year_3,2019,Site_2,Orchard_Block_3,CS,47.5,Section 38-57,1.285714286,0.666666667,0.060620397,0.904761905,0.142857143,0.095238095,0.142857143,0,65,2,3.1,13.4,28.7,30.35,26.8,68.75,2.085
Year_3,2019,Site_2,Orchard_Block_3,CS,66.5,Section 57-76,0.714285714,0.476190476,0.033007009,0.380952381,0.095238095,0.095238095,0.142857143,0,114,0,0,11.79,26.8,29.8,25.3,66.8,1.67
Year_3,2019,Site_2,Orchard_Block_3,SWS,9.5,Section 0-19,2.714285714,1.047619048,0.138002569,2.285714286,0.142857143,0,0.19047619,0.095238095,69,14,20.3,9.316666667,26,26.56666667,22.83333333,63.66666667,0.94
Year_3,2019,Site_2,Orchard_Block_3,SWS,28.5,Section 19-38,2.952380952,0.857142857,0.149094577,2.619047619,0.19047619,0.047619048,0.095238095,0,35,1,2.9,6.47,24,24.1,19.5,87,0.53
Year_3,2019,Site_2,Orchard_Block_3,SWS,47.5,Section 38-57,2.904761905,0.761904762,0.070746919,2.714285714,0.142857143,0.047619048,0,0,109,3,2.8,8.253333333,24.1,25.86666667,22,88.83333333,1.09
Year_3,2019,Site_2,Orchard_Block_3,SWS,66.5,Section 57-76,2.19047619,0.761904762,0.0447193,1.952380952,0.047619048,0.095238095,0,0.095238095,127,21,16.5,12.88333333,26.73333333,30.63333333,25.53333333,68.5,1.956666667
Year_3,2019,Site_2,Orchard_Block_4,AMWS,9.5,Section 0-19,1,0.666666667,0.030310198,0.476190476,0.428571429,0,0.095238095,0,42,21,50,10.84333333,26.16666667,29,24.53333333,64.66666667,1.193333333
Year_3,2019,Site_2,Orchard_Block_4,AMWS,28.5,Section 19-38,0.619047619,0.523809524,0.115632078,0.380952381,0.19047619,0,0,0.047619048,46,4,8.7,12.08333333,27.03333333,28.4,25.16666667,82.5,2.246666667
Year_3,2019,Site_2,Orchard_Block_4,AMWS,47.5,Section 38-57,0.904761905,0.523809524,0,0.047619048,0.761904762,0.047619048,0,0.047619048,106,11,10.4,14.73333333,28.86666667,31.66666667,26.66666667,66.33333333,2.3
Year_3,2019,Site_2,Orchard_Block_4,AMWS,66.5,Section 57-76,0.571428571,0.428571429,0.033007009,0.047619048,0.476190476,0.047619048,0,0,70,3,4.3,9.226666667,24.2,27.1,23.36666667,80.83333333,0.983333333
Year_3,2019,Site_2,Orchard_Block_4,CS,9.5,Section 0-19,0.857142857,0.666666667,0.033007009,0.666666667,0.095238095,0.047619048,0,0.047619048,39,15,38.5,12.89,29,29.8,26.4,66.33333333,1.53
Year_3,2019,Site_2,Orchard_Block_4,CS,28.5,Section 19-38,1.047619048,0.80952381,0.189116097,0.571428571,0.285714286,0.047619048,0.095238095,0.047619048,103,7,6.8,12.85333333,27.96666667,30.06666667,26.2,72,2.043333333
Year_3,2019,Site_2,Orchard_Block_4,CS,47.5,Section 38-57,1.19047619,0.857142857,0.112099744,0.571428571,0.380952381,0.047619048,0.19047619,0,95,5,5.3,11.49,26.4,29.06666667,24.5,84,1.926666667
Year_3,2019,Site_2,Orchard_Block_4,CS,66.5,Section 57-76,0.952380952,0.904761905,0.132028034,0.285714286,0.333333333,0.047619048,0.238095238,0.047619048,90,2,2.2,14.565,28.6,31.9,27,67.75,1.935
Year_3,2019,Site_2,Orchard_Block_4,SWS,9.5,Section 0-19,0.904761905,0.619047619,0,0.523809524,0.333333333,0,0.047619048,0,95,17,17.9,11.39333333,26,27.96666667,25.26666667,59,1.54
Year_3,2019,Site_2,Orchard_Block_4,SWS,28.5,Section 19-38,1.714285714,1,0.157820252,1.095238095,0.523809524,0.047619048,0.047619048,0,124,9,7.3,12.08666667,27.46666667,28.8,25.23333333,72.5,1.576666667
Year_3,2019,Site_2,Orchard_Block_4,SWS,47.5,Section 38-57,0.857142857,0.761904762,0.104629742,0.238095238,0.333333333,0.047619048,0.095238095,0.142857143,115,6,5.2,13.55666667,28.36666667,29.83333333,26.3,71.66666667,2.42
Year_3,2019,Site_2,Orchard_Block_4,SWS,66.5,Section 57-76,0.285714286,0.285714286,0.033007009,0,0.19047619,0,0.047619048,0.047619048,39,1,2.6,11.9,26.8,29.5,24.5,74.5,1.85
Year_3,2019,Site_3,Orchard_Block_5,AMWS,9.5,Section 0-19,2.277777778,1.055555556,0.196411901,1.833333333,0.055555556,0.055555556,0.111111111,0.222222222,110,10,9.1,9.613333333,27.56666667,26.86666667,23.83333333,68.83333333,1.163333333
Year_3,2019,Site_3,Orchard_Block_5,AMWS,28.5,Section 19-38,2,1.222222222,0.23330255,1.388888889,0.111111111,0,0.444444444,0.055555556,89,26,29.2,12.39,29.5,28.46666667,25.76666667,60.83333333,1.683333333
Year_3,2019,Site_3,Orchard_Block_5,AMWS,47.5,Section 38-57,1.611111111,1.055555556,0.195938107,1.222222222,0,0.111111111,0.277777778,0,82,9,11,11.09666667,28.3,27.63333333,25.13333333,67.66666667,1.533333333
Year_3,2019,Site_3,Orchard_Block_5,AMWS,66.5,Section 57-76,1.444444444,1,0.176558546,1,0,0.111111111,0.277777778,0.055555556,132,25,18.9,12.09,29.26666667,28.73333333,25.43333333,72.83333333,1.486666667
Year_3,2019,Site_3,Orchard_Block_5,CS,9.5,Section 0-19,1.555555556,0.888888889,0.140472815,1.333333333,0,0,0.166666667,0.055555556,72,19,26.4,13.36333333,30.53333333,29.5,26.06666667,74.5,1.753333333
Year_3,2019,Site_3,Orchard_Block_5,CS,28.5,Section 19-38,0.888888889,0.722222222,0.061034016,0.555555556,0,0,0.277777778,0.055555556,115,31,27,13.79333333,30.8,30.1,25.86666667,66.5,2.033333333
Year_3,2019,Site_3,Orchard_Block_5,CS,47.5,Section 38-57,1.055555556,0.833333333,0.112378252,0.722222222,0,0.055555556,0.277777778,0,25,3,12,12.04,29.53333333,28.23333333,25.8,67.83333333,1.553333333
Year_3,2019,Site_3,Orchard_Block_5,CS,66.5,Section 57-76,1.444444444,0.833333333,0.150886428,0.944444444,0.111111111,0,0.166666667,0.222222222,88,19,21.6,10.20333333,28.66666667,27.03333333,23.96666667,75.16666667,1.436666667
Year_3,2019,Site_3,Orchard_Block_5,SWS,9.5,Section 0-19,1.666666667,0.833333333,0.063539355,1.5,0,0,0.111111111,0.055555556,88,24,27.3,15.95666667,30.6,31.36666667,27.8,64.33333333,2.363333333
Year_3,2019,Site_3,Orchard_Block_5,SWS,28.5,Section 19-38,1.5,1.055555556,0.170265989,1.166666667,0.055555556,0.055555556,0.166666667,0.055555556,66,17,25.8,12.84,29.16666667,28.96666667,26.46666667,64.16666667,1.763333333
Year_3,2019,Site_3,Orchard_Block_5,SWS,47.5,Section 38-57,1.055555556,0.722222222,0.096395914,0.833333333,0,0.055555556,0.111111111,0.055555556,79,21,26.6,12.29666667,28.63333333,28.53333333,25.73333333,65.83333333,1.576666667
Year_3,2019,Site_3,Orchard_Block_5,SWS,66.5,Section 57-76,1.055555556,0.555555556,0,0.944444444,0,0,0.111111111,0,57,22,38.6,12.11333333,28.73333333,27.83333333,26.23333333,60.33333333,1.696666667
Year_3,2019,Site_3,Orchard_Block_6,AMWS,9.5,Section 0-19,0.875,0.666666667,0.078833187,0.666666667,0.166666667,0.041666667,0,0,27,2,7.4,10.705,26.8,27.15,24.3,62.25,1.66
Year_3,2019,Site_3,Orchard_Block_6,AMWS,28.5,Section 19-38,0.541666667,0.416666667,0.053042847,0.25,0.25,0.041666667,0,0,82,20,24.4,13.61333333,29.56666667,29.4,26.4,67.16666667,2.066666667
Year_3,2019,Site_3,Orchard_Block_6,AMWS,47.5,Section 38-57,1,0.6875,0.16157148,0.625,0.1875,0.0625,0.0625,0.0625,79,15,19,11.40333333,27.73333333,27.76666667,25.36666667,68.83333333,1.453333333
Year_3,2019,Site_3,Orchard_Block_6,CS,9.5,Section 0-19,0.791666667,0.458333333,0.076473478,0.666666667,0.083333333,0,0.041666667,0,39,13,33.3,12.04333333,27.8,27.9,25.7,68.83333333,1.88
Year_3,2019,Site_3,Orchard_Block_6,CS,28.5,Section 19-38,0.791666667,0.541666667,0.028881133,0.541666667,0.208333333,0.041666667,0,0,43,12,27.9,11.17,27.73333333,27.26666667,25.43333333,66,1.46
Year_3,2019,Site_3,Orchard_Block_6,CS,47.5,Section 38-57,1.125,0.8125,0.126425533,0.8125,0.1875,0,0.125,0,47,9,19.1,13.63,28.73333333,29.43333333,26.93333333,67.66666667,2.046666667
Year_3,2019,Site_3,Orchard_Block_6,SWS,9.5,Section 0-19,0.791666667,0.583333333,0.028881133,0.541666667,0.083333333,0.125,0,0.041666667,90,29,32.2,11.39,27.3,27.7,24.86666667,71.83333333,1.756666667
Year_3,2019,Site_3,Orchard_Block_6,SWS,28.5,Section 19-38,0.625,0.5,0.057762265,0.458333333,0.083333333,0.041666667,0,0.041666667,25,4,16,10.21666667,27.63333333,27.16666667,24.23333333,76.83333333,1.06
Year_3,2019,Site_3,Orchard_Block_6,SWS,47.5,Section 38-57,0.5625,0.4375,0,0.5,0.0625,0,0,0,32,8,25,10.44333333,26.66666667,26.73333333,24.13333333,56.16666667,1.473333333
Year_3,2019,Site_4,Orchard_Block_7,AMWS,9.5,Section 0-19,2.047619048,1.047619048,0.231240442,1.285714286,0.238095238,0.095238095,0.238095238,0.19047619,136,35,25.7,9.486666667,27.13333333,26,23.36666667,68.5,1.313333333
Year_3,2019,Site_4,Orchard_Block_7,AMWS,28.5,Section 19-38,1.19047619,1,0.167946949,0.476190476,0.380952381,0.047619048,0.142857143,0.142857143,94,19,20.2,11.71333333,28.76666667,28.43333333,25.06666667,63.66666667,1.54
Year_3,2019,Site_4,Orchard_Block_7,AMWS,47.5,Section 38-57,1.642857143,1.071428571,0.180229354,1,0.357142857,0.214285714,0.071428571,0,91,24,26.4,11.39,28.83333333,28.2,25.1,74.66666667,1.49
Year_3,2019,Site_4,Orchard_Block_7,CS,9.5,Section 0-19,1.904761905,1.142857143,0.278723593,1.095238095,0.428571429,0.142857143,0.142857143,0.095238095,43,8,18.6,13.7,30.06666667,29.56666667,26.76666667,73.16666667,2.21
Year_3,2019,Site_4,Orchard_Block_7,CS,28.5,Section 19-38,0.904761905,0.666666667,0.120152903,0.523809524,0.19047619,0.19047619,0,0,44,3,6.8,12.3,28.43333333,28.43333333,25.83333333,81.66666667,2.783333333
Year_3,2019,Site_4,Orchard_Block_7,CS,47.5,Section 38-57,0.952380952,0.80952381,0.132028034,0.238095238,0.380952381,0.142857143,0.047619048,0.142857143,90,16,17.8,13.02333333,29.33333333,29.66666667,26.6,71.66666667,1.953333333
Year_3,2019,Site_4,Orchard_Block_7,CS,66.5,Section 57-76,0.714285714,0.619047619,0.115632078,0.333333333,0.142857143,0.095238095,0,0.142857143,90,11,12.2,12.08666667,29.5,29.1,25.66666667,71.5,1.71
Year_3,2019,Site_4,Orchard_Block_7,SWS,9.5,Section 0-19,0.666666667,0.571428571,0.033007009,0.238095238,0.380952381,0.047619048,0,0,136,7,5.1,12.15666667,29.06666667,28.7,25.8,87.66666667,2.356666667
Year_3,2019,Site_4,Orchard_Block_7,SWS,28.5,Section 19-38,0.619047619,0.571428571,0.066014017,0.095238095,0.333333333,0.047619048,0.047619048,0.095238095,132,60,45.5,8.44,25.06666667,25.86666667,22.66666667,81.33333333,1.32
Year_3,2019,Site_4,Orchard_Block_7,SWS,47.5,Section 38-57,0.571428571,0.523809524,0.066014017,0.142857143,0.19047619,0,0.095238095,0.142857143,119,7,5.9,12.32,29.6,28.63333333,26.2,79.83333333,1.823333333
Year_3,2019,Site_4,Orchard_Block_7,SWS,66.5,Section 57-76,0.476190476,0.380952381,0.066014017,0.238095238,0.095238095,0.095238095,0.047619048,0,139,17,12.2,12.54,29.8,29.96666667,25.46666667,73.66666667,1.643333333
Year_3,2019,Site_4,Orchard_Block_8,AMWS,9.5,Section 0-19,2.142857143,1.238095238,0.279612804,1.476190476,0.238095238,0.095238095,0.095238095,0.238095238,118,22,18.6,13.53666667,30.76666667,29.23333333,26.5,81.66666667,2.13
Year_3,2019,Site_4,Orchard_Block_8,AMWS,28.5,Section 19-38,1.523809524,0.904761905,0.089842704,1.238095238,0.19047619,0.095238095,0,0,67,11,16.4,14.21333333,30.13333333,30.6,27.16666667,76.66666667,2.17
Year_3,2019,Site_4,Orchard_Block_8,AMWS,47.5,Section 38-57,1.714285714,0.904761905,0.183943963,1.142857143,0.238095238,0.095238095,0.095238095,0.142857143,28,1,3.6,9.2,25.9,25.8,23.9,90.5,1.53
Year_3,2019,Site_4,Orchard_Block_8,AMWS,66.5,Section 57-76,1.666666667,0.80952381,0.072061847,1.428571429,0.142857143,0.095238095,0,0,53,2,3.8,14.445,29.65,30.1,27.5,80.75,3.125
Year_3,2019,Site_4,Orchard_Block_8,CS,9.5,Section 0-19,1.238095238,0.666666667,0.150936954,0.761904762,0.19047619,0.047619048,0.095238095,0.142857143,69,10,14.5,13.51666667,29.73333333,29.93333333,25.46666667,87.66666667,2.313333333
Year_3,2019,Site_4,Orchard_Block_8,CS,28.5,Section 19-38,1.333333333,0.80952381,0.15257753,0.666666667,0.285714286,0.142857143,0.142857143,0.095238095,31,11,35.5,12.81666667,29.36666667,29.3,26.63333333,82.66666667,1.976666667
Year_3,2019,Site_4,Orchard_Block_8,CS,47.5,Section 38-57,0.904761905,0.571428571,0.12837239,0.428571429,0.333333333,0,0,0.142857143,66,7,10.6,13.59,30.93333333,30.23333333,26.36666667,82,1.89
Year_3,2019,Site_4,Orchard_Block_8,CS,66.5,Section 57-76,0.666666667,0.523809524,0.060620397,0.476190476,0.095238095,0,0,0.095238095,102,15,14.7,13.43666667,30.6,29.83333333,25.53333333,73.16666667,1.913333333
Year_3,2019,Site_4,Orchard_Block_8,SWS,9.5,Section 0-19,3.523809524,1.666666667,0.36033921,2.333333333,0.380952381,0.19047619,0.238095238,0.380952381,59,2,3.4,9.315,26.1,25.4,23.5,92.5,2.735
Year_3,2019,Site_4,Orchard_Block_8,SWS,28.5,Section 19-38,3.285714286,1.047619048,0.142631428,2.904761905,0.047619048,0.047619048,0.095238095,0.19047619,51,8,15.7,13.12,29.76666667,29.63333333,26.33333333,74.33333333,2.04
Year_3,2019,Site_4,Orchard_Block_8,SWS,47.5,Section 38-57,2.904761905,1,0.149732106,2.523809524,0.142857143,0.047619048,0,0.19047619,137,17,12.4,16.97,32,31.83333333,28.2,77.5,3.13
Year_3,2019,Site_4,Orchard_Block_8,SWS,66.5,Section 57-76,2.142857143,0.857142857,0.128850197,1.761904762,0.19047619,0.047619048,0.095238095,0.047619048,93,19,20.4,10.16,27.53333333,27.3,24.86666667,83.5,1.56
Year_3,2019,Site_5,Orchard_Block_10,AMWS,9.5,Section 0-19,1.476190476,0.80952381,0.057088063,0.904761905,0.19047619,0.142857143,0,0.238095238,90,18,20,10.26333333,27.6,27.66666667,23.5,59.83333333,1.62
Year_3,2019,Site_5,Orchard_Block_10,AMWS,28.5,Section 19-38,1.571428571,0.952380952,0.122849713,1.19047619,0.285714286,0.095238095,0,0,87,34,39.1,12.71666667,29.13333333,30.2,25.4,52.16666667,1.876666667
Year_3,2019,Site_5,Orchard_Block_10,AMWS,47.5,Section 38-57,1.523809524,0.904761905,0.117456092,1.047619048,0.333333333,0.142857143,0,0,115,28,24.3,9.323333333,25.8,27,22.83333333,60.5,1.316666667
Year_3,2019,Site_5,Orchard_Block_10,AMWS,66.5,Section 57-76,1.761904762,0.952380952,0.225112997,0.857142857,0.619047619,0.19047619,0,0.095238095,129,45,34.9,11.75666667,29.03333333,28.63333333,24.86666667,53.66666667,1.86
Year_3,2019,Site_5,Orchard_Block_10,CS,9.5,Section 0-19,0.476190476,0.380952381,0.033007009,0.380952381,0,0.047619048,0.047619048,0,71,26,36.6,11.02666667,27.96666667,27.6,25.2,64.33333333,1.453333333
Year_3,2019,Site_5,Orchard_Block_10,CS,28.5,Section 19-38,0.761904762,0.428571429,0.066014017,0.571428571,0.047619048,0.142857143,0,0,52,9,17.3,15.06,29.9,31.63333333,26.8,55.16666667,2.21
Year_3,2019,Site_5,Orchard_Block_10,CS,47.5,Section 38-57,1.047619048,0.714285714,0.060620397,0.80952381,0.238095238,0,0,0,180,20,11.1,13.18666667,30.16666667,29.53333333,25.73333333,59.5,2.356666667
Year_3,2019,Site_5,Orchard_Block_10,CS,66.5,Section 57-76,0.428571429,0.380952381,0.096324216,0.095238095,0.142857143,0.19047619,0,0,40,12,30,12.75333333,29.63333333,29.9,25.43333333,57.5,2.04
Year_3,2019,Site_5,Orchard_Block_10,SWS,9.5,Section 0-19,0.666666667,0.428571429,0.033007009,0.476190476,0.142857143,0.047619048,0,0,33,13,39.4,11.99333333,28.96666667,28.73333333,24.66666667,57.83333333,1.773333333
Year_3,2019,Site_5,Orchard_Block_10,SWS,28.5,Section 19-38,0.666666667,0.523809524,0.063317207,0.238095238,0.19047619,0.238095238,0,0,128,22,17.2,14.36,30.43333333,29.76666667,27,64.5,2.79
Year_3,2019,Site_5,Orchard_Block_10,SWS,47.5,Section 38-57,1.142857143,0.857142857,0.208316411,0.571428571,0.071428571,0.357142857,0.071428571,0.071428571,31,2,6.5,12.57,29.2,29.2,26.15,61.25,2.22
Year_3,2019,Site_5,Orchard_Block_9,AMWS,9.5,Section 0-19,0.666666667,0.523809524,0.08532188,0.333333333,0.095238095,0.142857143,0,0.095238095,62,6,9.7,12.13,29.36666667,29.5,25.33333333,78,1.16
Year_3,2019,Site_5,Orchard_Block_9,AMWS,28.5,Section 19-38,0.476190476,0.333333333,0.030310198,0.142857143,0.19047619,0.142857143,0,0,113,4,3.5,13.05666667,29.33333333,30.33333333,25.93333333,63.5,1.87
Year_3,2019,Site_5,Orchard_Block_9,AMWS,47.5,Section 38-57,0.619047619,0.476190476,0.030310198,0.380952381,0.19047619,0,0.047619048,0,26,1,3.8,11.86,29.9,28.6,23,66.5,2.19
Year_3,2019,Site_5,Orchard_Block_9,AMWS,66.5,Section 57-76,0.476190476,0.428571429,0.082625069,0.285714286,0.095238095,0,0.047619048,0.047619048,29,6,20.7,13.36666667,30.7,29.53333333,25.6,63.16666667,2.47
Year_3,2019,Site_5,Orchard_Block_9,CS,9.5,Section 0-19,0.611111111,0.555555556,0.038508177,0.222222222,0.166666667,0.166666667,0,0.055555556,36,4,11.1,12.21666667,29.83333333,29.63333333,24.53333333,73.33333333,1.613333333
Year_3,2019,Site_5,Orchard_Block_9,CS,28.5,Section 19-38,0.611111111,0.388888889,0.066308311,0.055555556,0.444444444,0.055555556,0,0.055555556,30,2,6.7,14.165,29.95,31.3,27.05,66.75,2.015
Year_3,2019,Site_5,Orchard_Block_9,CS,47.5,Section 38-57,0.166666667,0.166666667,0.038508177,0.055555556,0.111111111,0,0,0,83,8,9.6,13.75333333,29.9,31.1,26.33333333,66,1.876666667
Year_3,2019,Site_5,Orchard_Block_9,CS,66.5,Section 57-76,0.388888889,0.277777778,0.061034016,0.055555556,0.222222222,0.055555556,0,0.055555556,63,3,4.8,10.41333333,27.2,28.1,24.9,74.5,1.243333333
Year_3,2019,Site_5,Orchard_Block_9,SWS,9.5,Section 0-19,0.458333333,0.333333333,0.028881133,0.041666667,0.291666667,0.041666667,0.083333333,0,79,11,13.9,13.03,29.93333333,29.1,26.1,63.83333333,1.96
Year_3,2019,Site_5,Orchard_Block_9,SWS,28.5,Section 19-38,0.625,0.541666667,0.055402556,0.375,0.166666667,0.083333333,0,0,96,7,7.3,13.77,31.6,30.26666667,26.23333333,67,2.14
Year_3,2019,Site_5,Orchard_Block_9,SWS,47.5,Section 38-57,0.458333333,0.333333333,0.057762265,0.166666667,0.25,0.041666667,0,0,160,4,2.5,14.69333333,30.23333333,31.43333333,26.7,63.83333333,2.256666667
Year_3,2019,Site_5,Orchard_Block_9,SWS,66.5,Section 57-76,0.333333333,0.291666667,0.057762265,0.125,0.083333333,0.083333333,0,0.041666667,76,7,9.2,13.5,30.53333333,29.96666667,26.4,64.5,1.803333333
